espn_id,name,abbreviation,logo
2000,Abilene Christian Wildcats,ACU,https://a.espncdn.com/i/teamlogos/ncaa/500/2000.png
2005,Air Force Falcons,AF,https://a.espncdn.com/i/teamlogos/ncaa/500/2005.png
2006,Akron Zips,AKR,https://a.espncdn.com/i/teamlogos/ncaa/500/2006.png
2010,Alabama A&M Bulldogs,AAMU,https://a.espncdn.com/i/teamlogos/ncaa/500/2010.png
333,Alabama Crimson Tide,ALA,https://a.espncdn.com/i/teamlogos/ncaa/500/333.png
2011,Alabama State Hornets,ALST,https://a.espncdn.com/i/teamlogos/ncaa/500/2011.png
2016,Alcorn State Braves,ALCN,https://a.espncdn.com/i/teamlogos/ncaa/500/2016.png
44,American University Eagles,AMER,https://a.espncdn.com/i/teamlogos/ncaa/500/44.png
2026,App State Mountaineers,APP,https://a.espncdn.com/i/teamlogos/ncaa/500/2026.png
9,Arizona State Sun Devils,ASU,https://a.espncdn.com/i/teamlogos/ncaa/500/9.png
12,Arizona Wildcats,ARIZ,https://a.espncdn.com/i/teamlogos/ncaa/500/12.png
8,Arkansas Razorbacks,ARK,https://a.espncdn.com/i/teamlogos/ncaa/500/8.png
2032,Arkansas State Red Wolves,ARST,https://a.espncdn.com/i/teamlogos/ncaa/500/2032.png
2029,Arkansas-Pine Bluff Golden Lions,UAPB,https://a.espncdn.com/i/teamlogos/ncaa/500/2029.png
349,Army Black Knights,ARMY,https://a.espncdn.com/i/teamlogos/ncaa/500/349.png
2,Auburn Tigers,AUB,https://a.espncdn.com/i/teamlogos/ncaa/500/2.png
2046,Austin Peay Governors,APSU,https://a.espncdn.com/i/teamlogos/ncaa/500/2046.png
252,BYU Cougars,BYU,https://a.espncdn.com/i/teamlogos/ncaa/500/252.png
2050,Ball State Cardinals,BALL,https://a.espncdn.com/i/teamlogos/ncaa/500/2050.png
239,Baylor Bears,BAY,https://a.espncdn.com/i/teamlogos/ncaa/500/239.png
91,Bellarmine Knights,BELL,https://a.espncdn.com/i/teamlogos/ncaa/500/91.png
2057,Belmont Bruins,BEL,https://a.espncdn.com/i/teamlogos/ncaa/500/2057.png
2065,Bethune-Cookman Wildcats,BCU,https://a.espncdn.com/i/teamlogos/ncaa/500/2065.png
2066,Binghamton Bearcats,BING,https://a.espncdn.com/i/teamlogos/ncaa/500/2066.png
68,Boise State Broncos,BOIS,https://a.espncdn.com/i/teamlogos/ncaa/500/68.png
103,Boston College Eagles,BC,https://a.espncdn.com/i/teamlogos/ncaa/500/103.png
104,Boston University Terriers,BU,https://a.espncdn.com/i/teamlogos/ncaa/500/104.png
189,Bowling Green Falcons,BGSU,https://a.espncdn.com/i/teamlogos/ncaa/500/189.png
71,Bradley Braves,BRAD,https://a.espncdn.com/i/teamlogos/ncaa/500/71.png
225,Brown Bears,BRWN,https://a.espncdn.com/i/teamlogos/ncaa/500/225.png
2803,Bryant Bulldogs,BRY,https://a.espncdn.com/i/teamlogos/ncaa/500/2803.png
2083,Bucknell Bison,BUCK,https://a.espncdn.com/i/teamlogos/ncaa/500/2083.png
2084,Buffalo Bulls,BUF,https://a.espncdn.com/i/teamlogos/ncaa/500/2084.png
2086,Butler Bulldogs,BUT,https://a.espncdn.com/i/teamlogos/ncaa/500/2086.png
13,Cal Poly Mustangs,CP,https://a.espncdn.com/i/teamlogos/ncaa/500/13.png
2934,Cal State Bakersfield Roadrunners,CSUB,https://a.espncdn.com/i/teamlogos/ncaa/500/2934.png
2239,Cal State Fullerton Titans,CSUF,https://a.espncdn.com/i/teamlogos/ncaa/500/2239.png
2463,Cal State Northridge Matadors,CSUN,https://a.espncdn.com/i/teamlogos/ncaa/500/2463.png
2856,California Baptist Lancers,CBU,https://a.espncdn.com/i/teamlogos/ncaa/500/2856.png
25,California Golden Bears,CAL,https://a.espncdn.com/i/teamlogos/ncaa/500/25.png
2097,Campbell Fighting Camels,CAM,https://a.espncdn.com/i/teamlogos/ncaa/500/2097.png
2099,Canisius Golden Griffins,CAN,https://a.espncdn.com/i/teamlogos/ncaa/500/2099.png
2110,Central Arkansas Bears,CARK,https://a.espncdn.com/i/teamlogos/ncaa/500/2110.png
2115,Central Connecticut Blue Devils,CCSU,https://a.espncdn.com/i/teamlogos/ncaa/500/2115.png
2117,Central Michigan Chippewas,CMU,https://a.espncdn.com/i/teamlogos/ncaa/500/2117.png
232,Charleston Cougars,COFC,https://a.espncdn.com/i/teamlogos/ncaa/500/232.png
2127,Charleston Southern Buccaneers,CHSO,https://a.espncdn.com/i/teamlogos/ncaa/500/2127.png
2429,Charlotte 49ers,CLT,https://a.espncdn.com/i/teamlogos/ncaa/500/2429.png
236,Chattanooga Mocs,UTC,https://a.espncdn.com/i/teamlogos/ncaa/500/236.png
2130,Chicago State Cougars,CHST,https://a.espncdn.com/i/teamlogos/ncaa/500/2130.png
2132,Cincinnati Bearcats,CIN,https://a.espncdn.com/i/teamlogos/ncaa/500/2132.png
228,Clemson Tigers,CLEM,https://a.espncdn.com/i/teamlogos/ncaa/500/228.png
325,Cleveland State Vikings,CLE,https://a.espncdn.com/i/teamlogos/ncaa/500/325.png
324,Coastal Carolina Chanticleers,CCU,https://a.espncdn.com/i/teamlogos/ncaa/500/324.png
2142,Colgate Raiders,COLG,https://a.espncdn.com/i/teamlogos/ncaa/500/2142.png
38,Colorado Buffaloes,COLO,https://a.espncdn.com/i/teamlogos/ncaa/500/38.png
36,Colorado State Rams,CSU,https://a.espncdn.com/i/teamlogos/ncaa/500/36.png
171,Columbia Lions,COLU,https://a.espncdn.com/i/teamlogos/ncaa/500/171.png
2154,Coppin State Eagles,COPP,https://a.espncdn.com/i/teamlogos/ncaa/500/2154.png
172,Cornell Big Red,COR,https://a.espncdn.com/i/teamlogos/ncaa/500/172.png
156,Creighton Bluejays,CREI,https://a.espncdn.com/i/teamlogos/ncaa/500/156.png
159,Dartmouth Big Green,DART,https://a.espncdn.com/i/teamlogos/ncaa/500/159.png
2166,Davidson Wildcats,DAV,https://a.espncdn.com/i/teamlogos/ncaa/500/2166.png
2168,Dayton Flyers,DAY,https://a.espncdn.com/i/teamlogos/ncaa/500/2168.png
305,DePaul Blue Demons,DEP,https://a.espncdn.com/i/teamlogos/ncaa/500/305.png
48,Delaware Blue Hens,DEL,https://a.espncdn.com/i/teamlogos/ncaa/500/48.png
2169,Delaware State Hornets,DSU,https://a.espncdn.com/i/teamlogos/ncaa/500/2169.png
2172,Denver Pioneers,DEN,https://a.espncdn.com/i/teamlogos/ncaa/500/2172.png
2174,Detroit Mercy Titans,DETM,https://a.espncdn.com/i/teamlogos/ncaa/500/2174.png
2181,Drake Bulldogs,DRKE,https://a.espncdn.com/i/teamlogos/ncaa/500/2181.png
2182,Drexel Dragons,DREX,https://a.espncdn.com/i/teamlogos/ncaa/500/2182.png
150,Duke Blue Devils,DUKE,https://a.espncdn.com/i/teamlogos/ncaa/500/150.png
2184,Duquesne Dukes,DUQ,https://a.espncdn.com/i/teamlogos/ncaa/500/2184.png
151,East Carolina Pirates,ECU,https://a.espncdn.com/i/teamlogos/ncaa/500/151.png
2193,East Tennessee State Buccaneers,ETSU,https://a.espncdn.com/i/teamlogos/ncaa/500/2193.png
2837,East Texas A&M Lions,ETAM,https://a.espncdn.com/i/teamlogos/ncaa/500/2837.png
2197,Eastern Illinois Panthers,EIU,https://a.espncdn.com/i/teamlogos/ncaa/500/2197.png
2198,Eastern Kentucky Colonels,EKU,https://a.espncdn.com/i/teamlogos/ncaa/500/2198.png
2199,Eastern Michigan Eagles,EMU,https://a.espncdn.com/i/teamlogos/ncaa/500/2199.png
331,Eastern Washington Eagles,EWU,https://a.espncdn.com/i/teamlogos/ncaa/500/331.png
2210,Elon Phoenix,ELON,https://a.espncdn.com/i/teamlogos/ncaa/500/2210.png
339,Evansville Purple Aces,EVAN,https://a.espncdn.com/i/teamlogos/ncaa/500/339.png
2217,Fairfield Stags,FAIR,https://a.espncdn.com/i/teamlogos/ncaa/500/2217.png
161,Fairleigh Dickinson Knights,FDU,https://a.espncdn.com/i/teamlogos/ncaa/500/161.png
50,Florida A&M Rattlers,FAMU,https://a.espncdn.com/i/teamlogos/ncaa/500/50.png
2226,Florida Atlantic Owls,FAU,https://a.espncdn.com/i/teamlogos/ncaa/500/2226.png
57,Florida Gators,FLA,https://a.espncdn.com/i/teamlogos/ncaa/500/57.png
526,Florida Gulf Coast Eagles,FGCU,https://a.espncdn.com/i/teamlogos/ncaa/500/526.png
2229,Florida International Panthers,FIU,https://a.espncdn.com/i/teamlogos/ncaa/500/2229.png
52,Florida State Seminoles,FSU,https://a.espncdn.com/i/teamlogos/ncaa/500/52.png
2230,Fordham Rams,FOR,https://a.espncdn.com/i/teamlogos/ncaa/500/2230.png
278,Fresno State Bulldogs,FRES,https://a.espncdn.com/i/teamlogos/ncaa/500/278.png
231,Furman Paladins,FUR,https://a.espncdn.com/i/teamlogos/ncaa/500/231.png
2241,Gardner-Webb Runnin' Bulldogs,GWEB,https://a.espncdn.com/i/teamlogos/ncaa/500/2241.png
2244,George Mason Patriots,GMU,https://a.espncdn.com/i/teamlogos/ncaa/500/2244.png
45,George Washington Revolutionaries,GW,https://a.espncdn.com/i/teamlogos/ncaa/500/45.png
46,Georgetown Hoyas,GTWN,https://a.espncdn.com/i/teamlogos/ncaa/500/46.png
61,Georgia Bulldogs,UGA,https://a.espncdn.com/i/teamlogos/ncaa/500/61.png
290,Georgia Southern Eagles,GASO,https://a.espncdn.com/i/teamlogos/ncaa/500/290.png
2247,Georgia State Panthers,GAST,https://a.espncdn.com/i/teamlogos/ncaa/500/2247.png
59,Georgia Tech Yellow Jackets,GT,https://a.espncdn.com/i/teamlogos/ncaa/500/59.png
2250,Gonzaga Bulldogs,GONZ,https://a.espncdn.com/i/teamlogos/ncaa/500/2250.png
2755,Grambling Tigers,GRAM,https://a.espncdn.com/i/teamlogos/ncaa/500/2755.png
2253,Grand Canyon Lopes,GCU,https://a.espncdn.com/i/teamlogos/ncaa/500/2253.png
2739,Green Bay Phoenix,GB,https://a.espncdn.com/i/teamlogos/ncaa/500/2739.png
2261,Hampton Pirates,HAMP,https://a.espncdn.com/i/teamlogos/ncaa/500/2261.png
108,Harvard Crimson,HARV,https://a.espncdn.com/i/teamlogos/ncaa/500/108.png
62,Hawai'i Rainbow Warriors,HAW,https://a.espncdn.com/i/teamlogos/ncaa/500/62.png
2272,High Point Panthers,HPU,https://a.espncdn.com/i/teamlogos/ncaa/500/2272.png
2275,Hofstra Pride,HOF,https://a.espncdn.com/i/teamlogos/ncaa/500/2275.png
107,Holy Cross Crusaders,HC,https://a.espncdn.com/i/teamlogos/ncaa/500/107.png
2277,Houston Christian Huskies,HCU,https://a.espncdn.com/i/teamlogos/ncaa/500/2277.png
248,Houston Cougars,HOU,https://a.espncdn.com/i/teamlogos/ncaa/500/248.png
47,Howard Bison,HOW,https://a.espncdn.com/i/teamlogos/ncaa/500/47.png
85,IU Indianapolis Jaguars,IUIN,https://a.espncdn.com/i/teamlogos/ncaa/500/85.png
304,Idaho State Bengals,IDST,https://a.espncdn.com/i/teamlogos/ncaa/500/304.png
70,Idaho Vandals,IDHO,https://a.espncdn.com/i/teamlogos/ncaa/500/70.png
356,Illinois Fighting Illini,ILL,https://a.espncdn.com/i/teamlogos/ncaa/500/356.png
2287,Illinois State Redbirds,ILST,https://a.espncdn.com/i/teamlogos/ncaa/500/2287.png
2916,Incarnate Word Cardinals,UIW,https://a.espncdn.com/i/teamlogos/ncaa/500/2916.png
84,Indiana Hoosiers,IU,https://a.espncdn.com/i/teamlogos/ncaa/500/84.png
282,Indiana State Sycamores,INST,https://a.espncdn.com/i/teamlogos/ncaa/500/282.png
314,Iona Gaels,IONA,https://a.espncdn.com/i/teamlogos/ncaa/500/314.png
2294,Iowa Hawkeyes,IOWA,https://a.espncdn.com/i/teamlogos/ncaa/500/2294.png
66,Iowa State Cyclones,ISU,https://a.espncdn.com/i/teamlogos/ncaa/500/66.png
2296,Jackson State Tigers,JKST,https://a.espncdn.com/i/teamlogos/ncaa/500/2296.png
294,Jacksonville Dolphins,JAX,https://a.espncdn.com/i/teamlogos/ncaa/500/294.png
55,Jacksonville State Gamecocks,JXST,https://a.espncdn.com/i/teamlogos/ncaa/500/55.png
256,James Madison Dukes,JMU,https://a.espncdn.com/i/teamlogos/ncaa/500/256.png
140,Kansas City Roos,KC,https://a.espncdn.com/i/teamlogos/ncaa/500/140.png
2305,Kansas Jayhawks,KU,https://a.espncdn.com/i/teamlogos/ncaa/500/2305.png
2306,Kansas State Wildcats,KSU,https://a.espncdn.com/i/teamlogos/ncaa/500/2306.png
338,Kennesaw State Owls,KENN,https://a.espncdn.com/i/teamlogos/ncaa/500/338.png
2309,Kent State Golden Flashes,KENT,https://a.espncdn.com/i/teamlogos/ncaa/500/2309.png
96,Kentucky Wildcats,UK,https://a.espncdn.com/i/teamlogos/ncaa/500/96.png
99,LSU Tigers,LSU,https://a.espncdn.com/i/teamlogos/ncaa/500/99.png
2325,La Salle Explorers,LAS,https://a.espncdn.com/i/teamlogos/ncaa/500/2325.png
322,Lafayette Leopards,LAF,https://a.espncdn.com/i/teamlogos/ncaa/500/322.png
2320,Lamar Cardinals,LAM,https://a.espncdn.com/i/teamlogos/ncaa/500/2320.png
2330,Le Moyne Dolphins,LEM,https://a.espncdn.com/i/teamlogos/ncaa/500/2330.png
2329,Lehigh Mountain Hawks,LEH,https://a.espncdn.com/i/teamlogos/ncaa/500/2329.png
2335,Liberty Flames,LIB,https://a.espncdn.com/i/teamlogos/ncaa/500/2335.png
288,Lipscomb Bisons,LIP,https://a.espncdn.com/i/teamlogos/ncaa/500/288.png
2031,Little Rock Trojans,LR,https://a.espncdn.com/i/teamlogos/ncaa/500/2031.png
299,Long Beach State Beach,LBSU,https://a.espncdn.com/i/teamlogos/ncaa/500/299.png
112358,Long Island University Sharks,LIU,https://a.espncdn.com/i/teamlogos/ncaa/500/112358.png
2344,Longwood Lancers,LONG,https://a.espncdn.com/i/teamlogos/ncaa/500/2344.png
309,Louisiana Ragin' Cajuns,UL,https://a.espncdn.com/i/teamlogos/ncaa/500/309.png
2348,Louisiana Tech Bulldogs,LT,https://a.espncdn.com/i/teamlogos/ncaa/500/2348.png
97,Louisville Cardinals,LOU,https://a.espncdn.com/i/teamlogos/ncaa/500/97.png
2350,Loyola Chicago Ramblers,LUC,https://a.espncdn.com/i/teamlogos/ncaa/500/2350.png
2352,Loyola Maryland Greyhounds,L-MD,https://a.espncdn.com/i/teamlogos/ncaa/500/2352.png
2351,Loyola Marymount Lions,LMU,https://a.espncdn.com/i/teamlogos/ncaa/500/2351.png
311,Maine Black Bears,ME,https://a.espncdn.com/i/teamlogos/ncaa/500/311.png
2363,Manhattan Jaspers,MAN,https://a.espncdn.com/i/teamlogos/ncaa/500/2363.png
2368,Marist Red Foxes,MRST,https://a.espncdn.com/i/teamlogos/ncaa/500/2368.png
269,Marquette Golden Eagles,MARQ,https://a.espncdn.com/i/teamlogos/ncaa/500/269.png
276,Marshall Thundering Herd,MRSH,https://a.espncdn.com/i/teamlogos/ncaa/500/276.png
2379,Maryland Eastern Shore Hawks,UMES,https://a.espncdn.com/i/teamlogos/ncaa/500/2379.png
120,Maryland Terrapins,MD,https://a.espncdn.com/i/teamlogos/ncaa/500/120.png
113,Massachusetts Minutemen,MASS,https://a.espncdn.com/i/teamlogos/ncaa/500/113.png
2377,McNeese Cowboys,MCN,https://a.espncdn.com/i/teamlogos/ncaa/500/2377.png
235,Memphis Tigers,MEM,https://a.espncdn.com/i/teamlogos/ncaa/500/235.png
2382,Mercer Bears,MER,https://a.espncdn.com/i/teamlogos/ncaa/500/2382.png
2385,Mercyhurst Lakers,MERC,https://a.espncdn.com/i/teamlogos/ncaa/500/2385.png
2771,Merrimack Warriors,MRMK,https://a.espncdn.com/i/teamlogos/ncaa/500/2771.png
193,Miami (OH) RedHawks,M-OH,https://a.espncdn.com/i/teamlogos/ncaa/500/193.png
2390,Miami Hurricanes,MIA,https://a.espncdn.com/i/teamlogos/ncaa/500/2390.png
127,Michigan State Spartans,MSU,https://a.espncdn.com/i/teamlogos/ncaa/500/127.png
130,Michigan Wolverines,MICH,https://a.espncdn.com/i/teamlogos/ncaa/500/130.png
2393,Middle Tennessee Blue Raiders,MTSU,https://a.espncdn.com/i/teamlogos/ncaa/500/2393.png
270,Milwaukee Panthers,MILW,https://a.espncdn.com/i/teamlogos/ncaa/500/270.png
135,Minnesota Golden Gophers,MINN,https://a.espncdn.com/i/teamlogos/ncaa/500/135.png
344,Mississippi State Bulldogs,MSST,https://a.espncdn.com/i/teamlogos/ncaa/500/344.png
2400,Mississippi Valley State Delta Devils,MVSU,https://a.espncdn.com/i/teamlogos/ncaa/500/2400.png
2623,Missouri State Bears,MOST,https://a.espncdn.com/i/teamlogos/ncaa/500/2623.png
142,Missouri Tigers,MIZ,https://a.espncdn.com/i/teamlogos/ncaa/500/142.png
2405,Monmouth Hawks,MONM,https://a.espncdn.com/i/teamlogos/ncaa/500/2405.png
149,Montana Grizzlies,MONT,https://a.espncdn.com/i/teamlogos/ncaa/500/149.png
147,Montana State Bobcats,MTST,https://a.espncdn.com/i/teamlogos/ncaa/500/147.png
2413,Morehead State Eagles,MORE,https://a.espncdn.com/i/teamlogos/ncaa/500/2413.png
2415,Morgan State Bears,MORG,https://a.espncdn.com/i/teamlogos/ncaa/500/2415.png
116,Mount St. Mary's Mountaineers,MSM,https://a.espncdn.com/i/teamlogos/ncaa/500/116.png
93,Murray State Racers,MUR,https://a.espncdn.com/i/teamlogos/ncaa/500/93.png
152,NC State Wolfpack,NCSU,https://a.espncdn.com/i/teamlogos/ncaa/500/152.png
2885,NJIT Highlanders,NJIT,https://a.espncdn.com/i/teamlogos/ncaa/500/2885.png
2426,Navy Midshipmen,NAVY,https://a.espncdn.com/i/teamlogos/ncaa/500/2426.png
158,Nebraska Cornhuskers,NEB,https://a.espncdn.com/i/teamlogos/ncaa/500/158.png
2440,Nevada Wolf Pack,NEV,https://a.espncdn.com/i/teamlogos/ncaa/500/2440.png
160,New Hampshire Wildcats,UNH,https://a.espncdn.com/i/teamlogos/ncaa/500/160.png
2441,New Haven Chargers,NHVN,https://a.espncdn.com/i/teamlogos/ncaa/500/2441.png
167,New Mexico Lobos,UNM,https://a.espncdn.com/i/teamlogos/ncaa/500/167.png
166,New Mexico State Aggies,NMSU,https://a.espncdn.com/i/teamlogos/ncaa/500/166.png
2443,New Orleans Privateers,UNO,https://a.espncdn.com/i/teamlogos/ncaa/500/2443.png
315,Niagara Purple Eagles,NIA,https://a.espncdn.com/i/teamlogos/ncaa/500/315.png
2447,Nicholls Colonels,NICH,https://a.espncdn.com/i/teamlogos/ncaa/500/2447.png
2450,Norfolk State Spartans,NORF,https://a.espncdn.com/i/teamlogos/ncaa/500/2450.png
2453,North Alabama Lions,UNA,https://a.espncdn.com/i/teamlogos/ncaa/500/2453.png
2448,North Carolina A&T Aggies,NCAT,https://a.espncdn.com/i/teamlogos/ncaa/500/2448.png
2428,North Carolina Central Eagles,NCCU,https://a.espncdn.com/i/teamlogos/ncaa/500/2428.png
153,North Carolina Tar Heels,UNC,https://a.espncdn.com/i/teamlogos/ncaa/500/153.png
155,North Dakota Fighting Hawks,UND,https://a.espncdn.com/i/teamlogos/ncaa/500/155.png
2449,North Dakota State Bison,NDSU,https://a.espncdn.com/i/teamlogos/ncaa/500/2449.png
2454,North Florida Ospreys,UNF,https://a.espncdn.com/i/teamlogos/ncaa/500/2454.png
249,North Texas Mean Green,UNT,https://a.espncdn.com/i/teamlogos/ncaa/500/249.png
111,Northeastern Huskies,NE,https://a.espncdn.com/i/teamlogos/ncaa/500/111.png
2464,Northern Arizona Lumberjacks,NAU,https://a.espncdn.com/i/teamlogos/ncaa/500/2464.png
2458,Northern Colorado Bears,UNCO,https://a.espncdn.com/i/teamlogos/ncaa/500/2458.png
2459,Northern Illinois Huskies,NIU,https://a.espncdn.com/i/teamlogos/ncaa/500/2459.png
2460,Northern Iowa Panthers,UNI,https://a.espncdn.com/i/teamlogos/ncaa/500/2460.png
94,Northern Kentucky Norse,NKU,https://a.espncdn.com/i/teamlogos/ncaa/500/94.png
2466,Northwestern State Demons,NWST,https://a.espncdn.com/i/teamlogos/ncaa/500/2466.png
77,Northwestern Wildcats,NU,https://a.espncdn.com/i/teamlogos/ncaa/500/77.png
87,Notre Dame Fighting Irish,ND,https://a.espncdn.com/i/teamlogos/ncaa/500/87.png
2473,Oakland Golden Grizzlies,OAK,https://a.espncdn.com/i/teamlogos/ncaa/500/2473.png
195,Ohio Bobcats,OHIO,https://a.espncdn.com/i/teamlogos/ncaa/500/195.png
194,Ohio State Buckeyes,OSU,https://a.espncdn.com/i/teamlogos/ncaa/500/194.png
201,Oklahoma Sooners,OU,https://a.espncdn.com/i/teamlogos/ncaa/500/201.png
197,Oklahoma State Cowboys,OKST,https://a.espncdn.com/i/teamlogos/ncaa/500/197.png
295,Old Dominion Monarchs,ODU,https://a.espncdn.com/i/teamlogos/ncaa/500/295.png
145,Ole Miss Rebels,MISS,https://a.espncdn.com/i/teamlogos/ncaa/500/145.png
2437,Omaha Mavericks,OMA,https://a.espncdn.com/i/teamlogos/ncaa/500/2437.png
198,Oral Roberts Golden Eagles,ORU,https://a.espncdn.com/i/teamlogos/ncaa/500/198.png
2483,Oregon Ducks,ORE,https://a.espncdn.com/i/teamlogos/ncaa/500/2483.png
204,Oregon State Beavers,ORST,https://a.espncdn.com/i/teamlogos/ncaa/500/204.png
279,Pacific Tigers,PAC,https://a.espncdn.com/i/teamlogos/ncaa/500/279.png
213,Penn State Nittany Lions,PSU,https://a.espncdn.com/i/teamlogos/ncaa/500/213.png
219,Pennsylvania Quakers,PENN,https://a.espncdn.com/i/teamlogos/ncaa/500/219.png
2492,Pepperdine Waves,PEPP,https://a.espncdn.com/i/teamlogos/ncaa/500/2492.png
221,Pittsburgh Panthers,PITT,https://a.espncdn.com/i/teamlogos/ncaa/500/221.png
2501,Portland Pilots,PORT,https://a.espncdn.com/i/teamlogos/ncaa/500/2501.png
2502,Portland State Vikings,PRST,https://a.espncdn.com/i/teamlogos/ncaa/500/2502.png
2504,Prairie View A&M Panthers,PV,https://a.espncdn.com/i/teamlogos/ncaa/500/2504.png
2506,Presbyterian Blue Hose,PRES,https://a.espncdn.com/i/teamlogos/ncaa/500/2506.png
163,Princeton Tigers,PRIN,https://a.espncdn.com/i/teamlogos/ncaa/500/163.png
2507,Providence Friars,PROV,https://a.espncdn.com/i/teamlogos/ncaa/500/2507.png
2509,Purdue Boilermakers,PUR,https://a.espncdn.com/i/teamlogos/ncaa/500/2509.png
2870,Purdue Fort Wayne Mastodons,PFW,https://a.espncdn.com/i/teamlogos/ncaa/500/2870.png
2514,Quinnipiac Bobcats,QUIN,https://a.espncdn.com/i/teamlogos/ncaa/500/2514.png
2515,Radford Highlanders,RAD,https://a.espncdn.com/i/teamlogos/ncaa/500/2515.png
227,Rhode Island Rams,URI,https://a.espncdn.com/i/teamlogos/ncaa/500/227.png
242,Rice Owls,RICE,https://a.espncdn.com/i/teamlogos/ncaa/500/242.png
257,Richmond Spiders,RICH,https://a.espncdn.com/i/teamlogos/ncaa/500/257.png
2520,Rider Broncs,RID,https://a.espncdn.com/i/teamlogos/ncaa/500/2520.png
2523,Robert Morris Colonials,RMU,https://a.espncdn.com/i/teamlogos/ncaa/500/2523.png
164,Rutgers Scarlet Knights,RUTG,https://a.espncdn.com/i/teamlogos/ncaa/500/164.png
2545,SE Louisiana Lions,SELA,https://a.espncdn.com/i/teamlogos/ncaa/500/2545.png
2565,SIU Edwardsville Cougars,SIUE,https://a.espncdn.com/i/teamlogos/ncaa/500/2565.png
2567,SMU Mustangs,SMU,https://a.espncdn.com/i/teamlogos/ncaa/500/2567.png
16,Sacramento State Hornets,SAC,https://a.espncdn.com/i/teamlogos/ncaa/500/16.png
2529,Sacred Heart Pioneers,SHU,https://a.espncdn.com/i/teamlogos/ncaa/500/2529.png
2598,Saint Francis Red Flash,SFPA,https://a.espncdn.com/i/teamlogos/ncaa/500/2598.png
2603,Saint Joseph's Hawks,JOES,https://a.espncdn.com/i/teamlogos/ncaa/500/2603.png
139,Saint Louis Billikens,SLU,https://a.espncdn.com/i/teamlogos/ncaa/500/139.png
2608,Saint Mary's Gaels,SMC,https://a.espncdn.com/i/teamlogos/ncaa/500/2608.png
2612,Saint Peter's Peacocks,SPU,https://a.espncdn.com/i/teamlogos/ncaa/500/2612.png
2534,Sam Houston Bearkats,SHSU,https://a.espncdn.com/i/teamlogos/ncaa/500/2534.png
2535,Samford Bulldogs,SAM,https://a.espncdn.com/i/teamlogos/ncaa/500/2535.png
21,San Diego State Aztecs,SDSU,https://a.espncdn.com/i/teamlogos/ncaa/500/21.png
301,San Diego Toreros,USD,https://a.espncdn.com/i/teamlogos/ncaa/500/301.png
2539,San Francisco Dons,SF,https://a.espncdn.com/i/teamlogos/ncaa/500/2539.png
23,San José State Spartans,SJSU,https://a.espncdn.com/i/teamlogos/ncaa/500/23.png
2541,Santa Clara Broncos,SCU,https://a.espncdn.com/i/teamlogos/ncaa/500/2541.png
2547,Seattle U Redhawks,SEA,https://a.espncdn.com/i/teamlogos/ncaa/500/2547.png
2550,Seton Hall Pirates,HALL,https://a.espncdn.com/i/teamlogos/ncaa/500/2550.png
2561,Siena Saints,SIE,https://a.espncdn.com/i/teamlogos/ncaa/500/2561.png
6,South Alabama Jaguars,USA,https://a.espncdn.com/i/teamlogos/ncaa/500/6.png
2579,South Carolina Gamecocks,SC,https://a.espncdn.com/i/teamlogos/ncaa/500/2579.png
2569,South Carolina State Bulldogs,SCST,https://a.espncdn.com/i/teamlogos/ncaa/500/2569.png
2908,South Carolina Upstate Spartans,UPST,https://a.espncdn.com/i/teamlogos/ncaa/500/2908.png
233,South Dakota Coyotes,SDAK,https://a.espncdn.com/i/teamlogos/ncaa/500/233.png
2571,South Dakota State Jackrabbits,SDST,https://a.espncdn.com/i/teamlogos/ncaa/500/2571.png
58,South Florida Bulls,USF,https://a.espncdn.com/i/teamlogos/ncaa/500/58.png
2546,Southeast Missouri State Redhawks,SEMO,https://a.espncdn.com/i/teamlogos/ncaa/500/2546.png
79,Southern Illinois Salukis,SIU,https://a.espncdn.com/i/teamlogos/ncaa/500/79.png
2582,Southern Jaguars,SOU,https://a.espncdn.com/i/teamlogos/ncaa/500/2582.png
2572,Southern Miss Golden Eagles,USM,https://a.espncdn.com/i/teamlogos/ncaa/500/2572.png
253,Southern Utah Thunderbirds,SUU,https://a.espncdn.com/i/teamlogos/ncaa/500/253.png
179,St. Bonaventure Bonnies,SBU,https://a.espncdn.com/i/teamlogos/ncaa/500/179.png
2599,St. John's Red Storm,SJU,https://a.espncdn.com/i/teamlogos/ncaa/500/2599.png
2900,St. Thomas-Minnesota Tommies,STMN,https://a.espncdn.com/i/teamlogos/ncaa/500/2900.png
24,Stanford Cardinal,STAN,https://a.espncdn.com/i/teamlogos/ncaa/500/24.png
2617,Stephen F. Austin Lumberjacks,SFA,https://a.espncdn.com/i/teamlogos/ncaa/500/2617.png
56,Stetson Hatters,STET,https://a.espncdn.com/i/teamlogos/ncaa/500/56.png
284,Stonehill Skyhawks,STO,https://a.espncdn.com/i/teamlogos/ncaa/500/284.png
2619,Stony Brook Seawolves,STBK,https://a.espncdn.com/i/teamlogos/ncaa/500/2619.png
183,Syracuse Orange,SYR,https://a.espncdn.com/i/teamlogos/ncaa/500/183.png
2628,TCU Horned Frogs,TCU,https://a.espncdn.com/i/teamlogos/ncaa/500/2628.png
2627,Tarleton State Texans,TAR,https://a.espncdn.com/i/teamlogos/ncaa/500/2627.png
218,Temple Owls,TEM,https://a.espncdn.com/i/teamlogos/ncaa/500/218.png
2634,Tennessee State Tigers,TNST,https://a.espncdn.com/i/teamlogos/ncaa/500/2634.png
2635,Tennessee Tech Golden Eagles,TNTC,https://a.espncdn.com/i/teamlogos/ncaa/500/2635.png
2633,Tennessee Volunteers,TENN,https://a.espncdn.com/i/teamlogos/ncaa/500/2633.png
245,Texas A&M Aggies,TA&M,https://a.espncdn.com/i/teamlogos/ncaa/500/245.png
357,Texas A&M-Corpus Christi Islanders,AMCC,https://a.espncdn.com/i/teamlogos/ncaa/500/357.png
251,Texas Longhorns,TEX,https://a.espncdn.com/i/teamlogos/ncaa/500/251.png
2640,Texas Southern Tigers,TXSO,https://a.espncdn.com/i/teamlogos/ncaa/500/2640.png
326,Texas State Bobcats,TXST,https://a.espncdn.com/i/teamlogos/ncaa/500/326.png
2641,Texas Tech Red Raiders,TTU,https://a.espncdn.com/i/teamlogos/ncaa/500/2641.png
2643,The Citadel Bulldogs,CIT,https://a.espncdn.com/i/teamlogos/ncaa/500/2643.png
2649,Toledo Rockets,TOL,https://a.espncdn.com/i/teamlogos/ncaa/500/2649.png
119,Towson Tigers,TOW,https://a.espncdn.com/i/teamlogos/ncaa/500/119.png
2653,Troy Trojans,TROY,https://a.espncdn.com/i/teamlogos/ncaa/500/2653.png
2655,Tulane Green Wave,TULN,https://a.espncdn.com/i/teamlogos/ncaa/500/2655.png
202,Tulsa Golden Hurricane,TLSA,https://a.espncdn.com/i/teamlogos/ncaa/500/202.png
5,UAB Blazers,UAB,https://a.espncdn.com/i/teamlogos/ncaa/500/5.png
399,UAlbany Great Danes,UALB,https://a.espncdn.com/i/teamlogos/ncaa/500/399.png
302,UC Davis Aggies,UCD,https://a.espncdn.com/i/teamlogos/ncaa/500/302.png
300,UC Irvine Anteaters,UCI,https://a.espncdn.com/i/teamlogos/ncaa/500/300.png
27,UC Riverside Highlanders,UCR,https://a.espncdn.com/i/teamlogos/ncaa/500/27.png
28,UC San Diego Tritons,UCSD,https://a.espncdn.com/i/teamlogos/ncaa/500/28.png
2540,UC Santa Barbara Gauchos,UCSB,https://a.espncdn.com/i/teamlogos/ncaa/500/2540.png
2116,UCF Knights,UCF,https://a.espncdn.com/i/teamlogos/ncaa/500/2116.png
26,UCLA Bruins,UCLA,https://a.espncdn.com/i/teamlogos/ncaa/500/26.png
41,UConn Huskies,CONN,https://a.espncdn.com/i/teamlogos/ncaa/500/41.png
82,UIC Flames,UIC,https://a.espncdn.com/i/teamlogos/ncaa/500/82.png
2433,UL Monroe Warhawks,ULM,https://a.espncdn.com/i/teamlogos/ncaa/500/2433.png
2378,UMBC Retrievers,UMBC,https://a.espncdn.com/i/teamlogos/ncaa/500/2378.png
2349,UMass Lowell River Hawks,UML,https://a.espncdn.com/i/teamlogos/ncaa/500/2349.png
2427,UNC Asheville Bulldogs,UNCA,https://a.espncdn.com/i/teamlogos/ncaa/500/2427.png
2430,UNC Greensboro Spartans,UNCG,https://a.espncdn.com/i/teamlogos/ncaa/500/2430.png
350,UNC Wilmington Seahawks,UNCW,https://a.espncdn.com/i/teamlogos/ncaa/500/350.png
2439,UNLV Rebels,UNLV,https://a.espncdn.com/i/teamlogos/ncaa/500/2439.png
30,USC Trojans,USC,https://a.espncdn.com/i/teamlogos/ncaa/500/30.png
250,UT Arlington Mavericks,UTA,https://a.espncdn.com/i/teamlogos/ncaa/500/250.png
2630,UT Martin Skyhawks,UTM,https://a.espncdn.com/i/teamlogos/ncaa/500/2630.png
292,UT Rio Grande Valley Vaqueros,RGV,https://a.espncdn.com/i/teamlogos/ncaa/500/292.png
2638,UTEP Miners,UTEP,https://a.espncdn.com/i/teamlogos/ncaa/500/2638.png
2636,UTSA Roadrunners,UTSA,https://a.espncdn.com/i/teamlogos/ncaa/500/2636.png
328,Utah State Aggies,USU,https://a.espncdn.com/i/teamlogos/ncaa/500/328.png
3101,Utah Tech Trailblazers,UTU,https://a.espncdn.com/i/teamlogos/ncaa/500/3101.png
254,Utah Utes,UTAH,https://a.espncdn.com/i/teamlogos/ncaa/500/254.png
3084,Utah Valley Wolverines,UVU,https://a.espncdn.com/i/teamlogos/ncaa/500/3084.png
2670,VCU Rams,VCU,https://a.espncdn.com/i/teamlogos/ncaa/500/2670.png
2678,VMI Keydets,VMI,https://a.espncdn.com/i/teamlogos/ncaa/500/2678.png
2674,Valparaiso Beacons,VAL,https://a.espncdn.com/i/teamlogos/ncaa/500/2674.png
238,Vanderbilt Commodores,VAN,https://a.espncdn.com/i/teamlogos/ncaa/500/238.png
261,Vermont Catamounts,UVM,https://a.espncdn.com/i/teamlogos/ncaa/500/261.png
222,Villanova Wildcats,VILL,https://a.espncdn.com/i/teamlogos/ncaa/500/222.png
258,Virginia Cavaliers,UVA,https://a.espncdn.com/i/teamlogos/ncaa/500/258.png
259,Virginia Tech Hokies,VT,https://a.espncdn.com/i/teamlogos/ncaa/500/259.png
2681,Wagner Seahawks,WAG,https://a.espncdn.com/i/teamlogos/ncaa/500/2681.png
154,Wake Forest Demon Deacons,WAKE,https://a.espncdn.com/i/teamlogos/ncaa/500/154.png
264,Washington Huskies,WASH,https://a.espncdn.com/i/teamlogos/ncaa/500/264.png
265,Washington State Cougars,WSU,https://a.espncdn.com/i/teamlogos/ncaa/500/265.png
2692,Weber State Wildcats,WEB,https://a.espncdn.com/i/teamlogos/ncaa/500/2692.png
2698,West Georgia Wolves,WGA,https://a.espncdn.com/i/teamlogos/ncaa/500/2698.png
277,West Virginia Mountaineers,WVU,https://a.espncdn.com/i/teamlogos/ncaa/500/277.png
2717,Western Carolina Catamounts,WCU,https://a.espncdn.com/i/teamlogos/ncaa/500/2717.png
2710,Western Illinois Leathernecks,WIU,https://a.espncdn.com/i/teamlogos/ncaa/500/2710.png
98,Western Kentucky Hilltoppers,WKU,https://a.espncdn.com/i/teamlogos/ncaa/500/98.png
2711,Western Michigan Broncos,WMU,https://a.espncdn.com/i/teamlogos/ncaa/500/2711.png
2724,Wichita State Shockers,WICH,https://a.espncdn.com/i/teamlogos/ncaa/500/2724.png
2729,William & Mary Tribe,W&M,https://a.espncdn.com/i/teamlogos/ncaa/500/2729.png
2737,Winthrop Eagles,WIN,https://a.espncdn.com/i/teamlogos/ncaa/500/2737.png
275,Wisconsin Badgers,WIS,https://a.espncdn.com/i/teamlogos/ncaa/500/275.png
2747,Wofford Terriers,WOF,https://a.espncdn.com/i/teamlogos/ncaa/500/2747.png
2750,Wright State Raiders,WRST,https://a.espncdn.com/i/teamlogos/ncaa/500/2750.png
2751,Wyoming Cowboys,WYO,https://a.espncdn.com/i/teamlogos/ncaa/500/2751.png
2752,Xavier Musketeers,XAV,https://a.espncdn.com/i/teamlogos/ncaa/500/2752.png
43,Yale Bulldogs,YALE,https://a.espncdn.com/i/teamlogos/ncaa/500/43.png
2754,Youngstown State Penguins,YSU,https://a.espncdn.com/i/teamlogos/ncaa/500/2754.png
